,precision,recall,f1-score,support
high,0.3,0.025210084033613446,0.046511627906976744,119.0
low,0.9195811607105007,0.9770731048150985,0.9474557763703866,22201.0
middle,0.28983516483516486,0.10513203786746388,0.15429616087751372,2007.0
accuracy,0.9004809470958195,0.9004809470958195,0.9004809470958195,0.9004809470958195
macro avg,0.5031387751818885,0.3691384089053919,0.38275452171829233,24327.0
weighted avg,0.8645957382643976,0.9004809470958195,0.8776122403009435,24327.0
