,precision,recall,f1-score,support
high,0.3,0.025210084033613446,0.046511627906976744,119.0
low,0.9196371805196456,0.9772983198955002,0.9475913875180154,22201.0
middle,0.292817679558011,0.10563029397110114,0.15525448553643353,2007.0
accuracy,0.9007275866321371,0.9007275866321371,0.9007275866321371,0.9007275866321371
macro avg,0.5041516200258855,0.36937956596673827,0.3831191669871419,24327.0
weighted avg,0.8648929225794213,0.9007275866321371,0.8778150627072805,24327.0
